 x coord, y coord, z coord, scalar
   0.0000000000000000      ,    0.0000000000000000      , 0,            0
   5.6185863874602421E-002 ,    0.0000000000000000      , 0,            1
  0.11237312899638538      ,    0.0000000000000000      , 0,            2
  0.16856291246166216      ,    0.0000000000000000      , 0,            3
  0.22475663824131786      ,    0.0000000000000000      , 0,            4
  0.28095616690387232      ,    0.0000000000000000      , 0,            5
  0.33716394940027183      ,    0.0000000000000000      , 0,            6
  0.39338320986106939      ,    0.0000000000000000      , 0,            7
  0.44961816198202764      ,    0.0000000000000000      , 0,            8
  0.50587426298550997      ,    0.0000000000000000      , 0,            9
  0.56215850830559888      ,    0.0000000000000000      , 0,           10
  0.61847976906042557      ,    0.0000000000000000      , 0,           11
  0.67484917312473891      ,    0.0000000000000000      , 0,           12
  0.73128052938706622      ,    0.0000000000000000      , 0,           13
  0.78779079390212781      ,    0.0000000000000000      , 0,           14
  0.84440057664466961      ,    0.0000000000000000      , 0,           15
  0.90113468916831452      ,    0.0000000000000000      , 0,           16
  0.95802273767599844      ,    0.0000000000000000      , 0,           17
   1.0150997741881149      ,    0.0000000000000000      , 0,           18
   1.0724070325868871      ,    0.0000000000000000      , 0,           19
   1.1299927992236944      ,    0.0000000000000000      , 0,           20
   1.1879135041652136      ,    0.0000000000000000      , 0,           21
   1.2462351770058981      ,    0.0000000000000000      , 0,           22
   1.3050355048316016      ,    0.0000000000000000      , 0,           23
   1.3644068861206846      ,    0.0000000000000000      , 0,           24
   1.4244611442898905      ,    0.0000000000000000      , 0,           25
   1.4853370473607177      ,    0.0000000000000000      , 0,           26
   1.5472126638255579      ,    0.0000000000000000      , 0,           27
   1.6103261836423699      ,    0.0000000000000000      , 0,           28
   1.6750113852784310      ,    0.0000000000000000      , 0,           29
   1.7417554934551085      ,    0.0000000000000000      , 0,           30
   1.8112687549381479      ,    0.0000000000000000      , 0,           31
   1.8843816036649272      ,    0.0000000000000000      , 0,           32
   2.0000000000000000      ,    0.0000000000000000      , 0,           33
   2.1141229559389463      ,    7.0206237978622466E-002 , 0,           34
   2.1694992589143816      ,   0.10157427492633873      , 0,           35
   2.2176392664552398      ,   0.12638106942826197      , 0,           36
   2.2603708934987710      ,   0.14599816449291000      , 0,           37
   2.2990226208524485      ,   0.16148630027927244      , 0,           38
   2.3345720638007519      ,   0.17363493214258466      , 0,           39
   2.3677628488726934      ,   0.18302566458342653      , 0,           40
   2.3991819512593846      ,   0.19008326043073820      , 0,           41
   2.4293107605066582      ,   0.19511231018493247      , 0,           42
   2.4585601570893658      ,   0.19832254590818427      , 0,           43
   2.4872960115450233      ,   0.19984561349468175      , 0,           44
   2.5158590933689431      ,   0.19974528041877873      , 0,           45
   2.5445820447495486      ,   0.19802228944677869      , 0,           46
   2.5738054196512410      ,   0.19461443520935898      , 0,           47
   2.6038945877323236      ,   0.18939188450103719      , 0,           48
   2.6352594858663365      ,   0.18214721128396649      , 0,           49
   2.6683798289095142      ,   0.17257900479533164      , 0,           50
   2.7038396748496374      ,   0.16026718831434994      , 0,           51
   2.7423775536839701      ,   0.14463744661360550      , 0,           52
   2.7849619544114814      ,   0.12491221232644373      , 0,           53
   2.8329041439823941      ,   0.10005111535004206      , 0,           54
   2.8879969775856531      ,    6.8719510811794504E-002 , 0,           55
   3.0000000000000000      ,    0.0000000000000000      , 0,           56
   3.1165523794655625      ,    0.0000000000000000      , 0,           57
   3.1889344132833122      ,    0.0000000000000000      , 0,           58
   3.2578416250633304      ,    0.0000000000000000      , 0,           59
   3.3240851291630391      ,    0.0000000000000000      , 0,           60
   3.3883630158577924      ,    0.0000000000000000      , 0,           61
   3.4511555584115459      ,    0.0000000000000000      , 0,           62
   3.5127910364837458      ,    0.0000000000000000      , 0,           63
   3.5735018687743971      ,    0.0000000000000000      , 0,           64
   3.6334594965064979      ,    0.0000000000000000      , 0,           65
   3.6927951520004276      ,    0.0000000000000000      , 0,           66
   3.7516124066844920      ,    0.0000000000000000      , 0,           67
   3.8099949900153796      ,    0.0000000000000000      , 0,           68
   3.8680118355624256      ,    0.0000000000000000      , 0,           69
   3.9257204564349784      ,    0.0000000000000000      , 0,           70
   3.9831692857617722      ,    0.0000000000000000      , 0,           71
   4.0403993589679317      ,    0.0000000000000000      , 0,           72
   4.0974455668788448      ,    0.0000000000000000      , 0,           73
   4.1543376219649950      ,    0.0000000000000000      , 0,           74
   4.2111008277807613      ,    0.0000000000000000      , 0,           75
   4.2677567094538862      ,    0.0000000000000000      , 0,           76
   4.3243235429124125      ,    0.0000000000000000      , 0,           77
   4.3808168077595964      ,    0.0000000000000000      , 0,           78
   4.4372495805728427      ,    0.0000000000000000      , 0,           79
   4.4936328802293213      ,    0.0000000000000000      , 0,           80
   4.5499759735953011      ,    0.0000000000000000      , 0,           81
   4.6062866478843887      ,    0.0000000000000000      , 0,           82
   4.6625714547518218      ,    0.0000000000000000      , 0,           83
   4.7188359304571765      ,    0.0000000000000000      , 0,           84
   4.7750847960016625      ,    0.0000000000000000      , 0,           85
   4.8313221408973748      ,    0.0000000000000000      , 0,           86
   4.8875515940653891      ,    0.0000000000000000      , 0,           87
   4.9437764852263939      ,    0.0000000000000000      , 0,           88
   5.0000000000000000      ,    0.0000000000000000      , 0,           89
   0.0000000000000000      ,    7.1430467581991480E-002 , 0,           90
   5.6186169461843335E-002 ,    7.1430396278352695E-002 , 0,           91
  0.11237379167067642      ,    7.1430611401852126E-002 , 0,           92
  0.16856402220387415      ,    7.1431152609453277E-002 , 0,           93
  0.22475833021160330      ,    7.1432097154447122E-002 , 0,           94
  0.28095863056247156      ,    7.1433565960407855E-002 , 0,           95
  0.33716744018177658      ,    7.1435732332497587E-002 , 0,           96
  0.39338806355012884      ,    7.1438833441422822E-002 , 0,           97
  0.44962481194731219      ,    7.1443184776887256E-002 , 0,           98
  0.50588326043611020      ,    7.1449197846327847E-002 , 0,           99
  0.56217054575467529      ,    7.1457401511863389E-002 , 0,          100
  0.61849570724164726      ,    7.1468467543203684E-002 , 0,          101
  0.67487007175136793      ,    7.1483241257756805E-002 , 0,          102
  0.73130768243710831      ,    7.1502778578489620E-002 , 0,          103
  0.78782577065056636      ,    7.1528391546611864E-002 , 0,          104
  0.84444527058071805      ,    7.1561705399888514E-002 , 0,          105
  0.90119137842902652      ,    7.1604731953227044E-002 , 0,          106
  0.95809416299890404      ,    7.1659966493855989E-002 , 0,          107
   1.0151892441252488      ,    7.1730519228429074E-002 , 0,          108
   1.0725185716798700      ,    7.1820298363614130E-002 , 0,          109
   1.1301313645671791      ,    7.1934271734299907E-002 , 0,          110
   1.1880853122637800      ,    7.2078850449437057E-002 , 0,          111
   1.2464482120553981      ,    7.2262467016696405E-002 , 0,          112
   1.3053003342645264      ,    7.2496473463904545E-002 , 0,          113
   1.3647380182477420      ,    7.2796587043941138E-002 , 0,          114
   1.4248793964050617      ,    7.3185319010237351E-002 , 0,          115
   1.4858739380326549      ,    7.3696274351355284E-002 , 0,          116
   1.5479192520482385      ,    7.4382273602360563E-002 , 0,          117
   1.6112928622647040      ,    7.5331982184022206E-002 , 0,          118
   1.6764185738723409      ,    7.6707555573251138E-002 , 0,          119
   1.7440258374986961      ,    7.8841316768454323E-002 , 0,          120
   1.8156146608968939      ,    8.2528663309073130E-002 , 0,          121
   1.8952649261782146      ,    9.0167042647937484E-002 , 0,          122
   1.9923488577279396      ,   0.10922306625436441      , 0,          123
   2.0656204590541254      ,   0.13199682690133946      , 0,          124
   2.1266578476538482      ,   0.15523689171604207      , 0,          125
   2.1798847101893091      ,   0.17580972032916506      , 0,          126
   2.2274966456798588      ,   0.19316253400686417      , 0,          127
   2.2708880420896147      ,   0.20744682943745651      , 0,          128
   2.3110508509503198      ,   0.21897924964598442      , 0,          129
   2.3487396168082557      ,   0.22807904857955602      , 0,          130
   2.3845563553254894      ,   0.23501929256216694      , 0,          131
   2.4190013030297428      ,   0.24001505271330109      , 0,          132
   2.4525066452717983      ,   0.24322355606631546      , 0,          133
   2.4854609296086849      ,   0.24474746692710436      , 0,          134
   2.5182282540186884      ,   0.24463804650497220      , 0,          135
   2.5511647545334224      ,   0.24289699612114626      , 0,          136
   2.5846342344503825      ,   0.23947660415523472      , 0,          137
   2.6190245786541402      ,   0.23427822421760491      , 0,          138
   2.6547667814926839      ,   0.22714952572383770      , 0,          139
   2.6923590824837569      ,   0.21788179377004865      , 0,          140
   2.7324002466349206      ,   0.20621065296004648      , 0,          141
   2.7756396152210132      ,   0.19182922972698699      , 0,          142
   2.8230609271928149      ,   0.17443901738189413      , 0,          143
   2.8760458361351655      ,   0.15391509145462737      , 0,          144
   2.9367704775847652      ,   0.13084533511942459      , 0,          145
   3.0096151403706526      ,   0.10838651915117342      , 0,          146
   3.1056713252305830      ,    8.9962112959174764E-002 , 0,          147
   3.1845698420610900      ,    8.2504627124521751E-002 , 0,          148
   3.2555624241893248      ,    7.8869610674779059E-002 , 0,          149
   3.3226755079765984      ,    7.6755006324495556E-002 , 0,          150
   3.3873966690966748      ,    7.5388153343395894E-002 , 0,          151
   3.4504499281114409      ,    7.4443333176166276E-002 , 0,          152
   3.5122545178307103      ,    7.3760519634441635E-002 , 0,          153
   3.5730827083975010      ,    7.3251742067087414E-002 , 0,          154
   3.6331258006073091      ,    7.2864374551677893E-002 , 0,          155
   3.6925259482196497      ,    7.2564835442943093E-002 , 0,          156
   3.7513931943457015      ,    7.2330594076744623E-002 , 0,          157
   3.8098153316465573      ,    7.2145923820284896E-002 , 0,          158
   3.8678639662572123      ,    7.1999493667739056E-002 , 0,          159
   3.9255984391341316      ,    7.1882927471210181E-002 , 0,          160
   3.9830684766912992      ,    7.1789902869646996E-002 , 0,          161
   4.0403160575502080      ,    7.1715566173700007E-002 , 0,          162
   4.0973767794983020      ,    7.1656139926517634E-002 , 0,          163
   4.1542808981755011      ,    7.1608652126550029E-002 , 0,          164
   4.2110541438066340      ,    7.1570744628402252E-002 , 0,          165
   4.2677183832737544      ,    7.1540534470380251E-002 , 0,          166
   4.3242921708833340      ,    7.1516511450729556E-002 , 0,          167
   4.3807912162434981      ,    7.1497461099200174E-002 , 0,          168
   4.4372287882469692      ,    7.1482405831619134E-002 , 0,          169
   4.4936160681958306      ,    7.1470559405463305E-002 , 0,          170
   4.5499624613452836      ,    7.1461291316899156E-002 , 0,          171
   4.6062758737952265      ,    7.1454098792772036E-002 , 0,          172
   4.6625629602139567      ,    7.1448584716367905E-002 , 0,          173
   4.7188293470064755      ,    7.1444440296837206E-002 , 0,          174
   4.7750798350219448      ,    7.1441431621248816E-002 , 0,          175
   4.8313185855838015      ,    7.1439389462295610E-002 , 0,          176
   4.8875492934231390      ,    7.1438201884789096E-002 , 0,          177
   4.9437753499337322      ,    7.1437809321189163E-002 , 0,          178
   5.0000000000000000      ,    7.1438201884789096E-002 , 0,          179
   0.0000000000000000      ,   0.14286097039222176      , 0,          180
   5.6186372154637156E-002 ,   0.14286082786050866      , 0,          181
  0.11237422562853015      ,   0.14286125695515572      , 0,          182
  0.16856473508316824      ,   0.14286233567332673      , 0,          183
  0.22475939018868771      ,   0.14286421589870907      , 0,          184
  0.28096012772082413      ,   0.14286713512626784      , 0,          185
  0.33716948743044034      ,   0.14287143327158031      , 0,          186
  0.39339079648508329      ,   0.14287757481002572      , 0,          187
  0.44962838685680012      ,   0.14288617660661285      , 0,          188
  0.50588784939178899      ,   0.14289804194489406      , 0,          189
  0.56217632741843115      ,   0.14291420148169662      , 0,          190
  0.61850285164970242      ,   0.14293596219717961      , 0,          191
  0.67487871690752976      ,   0.14296496595109032      , 0,          192
  0.73131790004109021      ,   0.14300326009804873      , 0,          193
  0.78783751766886956      ,   0.14305338390031155      , 0,          194
  0.84445832255764752      ,   0.14311847641336184      , 0,          195
  0.90120523927951224      ,   0.14320241442186679      , 0,          196
  0.95810794423895229      ,   0.14330999336671726      , 0,          197
   1.0152015035737998      ,   0.14344717084132089      , 0,          198
   1.0725270967067950      ,   0.14362140252737460      , 0,          199
   1.1301328763307188      ,   0.14384211680146169      , 0,          200
   1.1880750519949548      ,   0.14412140102184709      , 0,          201
   1.2464193422028809      ,   0.14447501776582322      , 0,          202
   1.3052430333843508      ,   0.14492394847587076      , 0,          203
   1.3646380400416291      ,   0.14549680566325654      , 0,          204
   1.4247156299865729      ,   0.14623372565653511      , 0,          205
   1.4856139610236718      ,   0.14719288453524809      , 0,          206
   1.5475104585436619      ,   0.14846185908839635      , 0,          207
   1.6106426609796454      ,   0.15017831827753883      , 0,          208
   1.6753437066788939      ,   0.15256933650228519      , 0,          209
   1.7421001761214820      ,   0.15602836642491921      , 0,          210
   1.8116214814654636      ,   0.16126342055947498      , 0,          211
   1.8847360590247961      ,   0.16952288584797487      , 0,          212
   1.9608289197252158      ,   0.18242132807917794      , 0,          213
   2.0303254762573384      ,   0.19840399599418065      , 0,          214
   2.0923887113821689      ,   0.21539823066392391      , 0,          215
   2.1482493270129250      ,   0.23158902270803011      , 0,          216
   2.1991727056576527      ,   0.24606173119270441      , 0,          217
   2.2461905423654391      ,   0.25849387817222630      , 0,          218
   2.2901270422751185      ,   0.26884912134247374      , 0,          219
   2.3316522308877325      ,   0.27720935147802656      , 0,          220
   2.3713250638322272      ,   0.28369249234400395      , 0,          221
   2.4096253254934017      ,   0.28841375780348411      , 0,          222
   2.4469775964620930      ,   0.29146790692185565      , 0,          223
   2.4837700663902296      ,   0.29292146027583410      , 0,          224
   2.5203701665071345      ,   0.29280955487887911      , 0,          225
   2.5571384641959121      ,   0.29113494948091295      , 0,          226
   2.5944419800666045      ,   0.28786820212649161      , 0,          227
   2.6326679964061075      ,   0.28294904000235682      , 0,          228
   2.6722395014919771      ,   0.27628993974327970      , 0,          229
   2.7136336745245364      ,   0.26778444290952236      , 0,          230
   2.7574053092926123      ,   0.25732554232507010      , 0,          231
   2.8042177923734344      ,   0.24484509227030032      , 0,          232
   2.8548845375189864      ,   0.23039627821477757      , 0,          233
   2.9104188902821968      ,   0.21431989915302632      , 0,          234
   2.9720527617268186      ,   0.19754266530607437      , 0,          235
   3.0409539292386447      ,   0.18186557950271573      , 0,          236
   3.1162238368182891      ,   0.16930064501366007      , 0,          237
   3.1886114314866147      ,   0.16121765660984205      , 0,          238
   3.2575287233797683      ,   0.15606490515974872      , 0,          239
   3.3237851411807857      ,   0.15264575588441581      , 0,          240
   3.3880781189375742      ,   0.15027604307871731      , 0,          241
   3.4508874449653129      ,   0.14857235642352282      , 0,          242
   3.5125409367224125      ,   0.14731178157568325      , 0,          243
   3.5732705637552762      ,   0.14635833485162830      , 0,          244
   3.6332473446766524      ,   0.14562508135322716      , 0,          245
   3.6926021291342987      ,   0.14505406208300103      , 0,          246
   3.7514381550619480      ,   0.14460521016715455      , 0,          247
   3.8098388726269294      ,   0.14424996113436558      , 0,          248
   3.8678729918143309      ,   0.14396741514459699      , 0,          249
   3.9255978565836873      ,   0.14374194390032213      , 0,          250
   3.9830617820065242      ,   0.14356164719755246      , 0,          251
   4.0403057317525253      ,   0.14341732688435693      , 0,          252
   4.0973645654956048      ,   0.14330178595806425      , 0,          253
   4.1542679990148415      ,   0.14320933782399381      , 0,          254
   4.2110413674225384      ,   0.14313545490099130      , 0,          255
   4.2677062496755136      ,   0.14307651179720896      , 0,          256
   4.3242809922800474      ,   0.14302959407608135      , 0,          257
   4.3807811572553792      ,   0.14299235346487385      , 0,          258
   4.4372199112252080      ,   0.14296289662017375      , 0,          259
   4.4936083672816070      ,   0.14293969863483119      , 0,          260
   4.5499558879581992      ,   0.14292153516473147      , 0,          261
   4.6062703555848543      ,   0.14290742886609778      , 0,          262
   4.6625584150338168      ,   0.14289660707182356      , 0,          263
   4.7188256931151686      ,   0.14288846849324791      , 0,          264
   4.7750769984418575      ,   0.14288255733756125      , 0,          265
   4.8313165053285578      ,   0.14287854366338307      , 0,          266
   4.8875479251239797      ,   0.14287620911335888      , 0,          267
   4.9437746682409074      ,   0.14287543740072853      , 0,          268
   5.0000000000000000      ,   0.14287620911335888      , 0,          269
   0.0000000000000000      ,   0.21429139851270110      , 0,          270
   5.6186465210034051E-002 ,   0.21429118909366576      , 0,          271
  0.11237441681411181      ,   0.21429181893242968      , 0,          272
  0.16856502878893806      ,   0.21429340093373811      , 0,          273
  0.22475978637491695      ,   0.21429615479743652      , 0,          274
  0.28096061570895547      ,   0.21430042365400992      , 0,          275
  0.33717003628990661      ,   0.21430669789075438      , 0,          276
  0.39339134073521870      ,   0.21431564648434626      , 0,          277
  0.44962880579018411      ,   0.21432815630773289      , 0,          278
  0.50588793782293329      ,   0.21434538007190782      , 0,          279
  0.56217575504842776      ,   0.21436879384648597      , 0,          280
  0.61850110748333642      ,   0.21440026554642327      , 0,          281
  0.67487503421596562      ,   0.21444213646934104      , 0,          282
  0.73131115614638065      ,   0.21449731904447991      , 0,          283
  0.78782610118789154      ,   0.21456941558168863      , 0,          284
  0.84443995842459185      ,   0.21466286522746286      , 0,          285
  0.90117675842598832      ,   0.21478312989539039      , 0,          286
  0.95806497949990732      ,   0.21493693517214973      , 0,          287
   1.0151380849322400      ,   0.21513258994305010      , 0,          288
   1.0724351051946077      ,   0.21538042008363323      , 0,          289
   1.1300012928853518      ,   0.21569336925652424      , 0,          290
   1.1878888982468623      ,   0.21608784737842360      , 0,          291
   1.2461581411101792      ,   0.21658495103315004      , 0,          292
   1.3048784923483181      ,   0.21721225084101536      , 0,          293
   1.3641304231165148      ,   0.21800645694674595      , 0,          294
   1.4240078220207364      ,   0.21901746573695827      , 0,          295
   1.4846212736394675      ,   0.22031460493826330      , 0,          296
   1.5461021828582977      ,   0.22199638483837514      , 0,          297
   1.6086068264409046      ,   0.22420572540087153      , 0,          298
   1.6723162896949646      ,   0.22715308401624643      , 0,          299
   1.7374183449439882      ,   0.23114818529242270      , 0,          300
   1.8040283665352206      ,   0.23662947164181580      , 0,          301
   1.8719355203630139      ,   0.24413552718485274      , 0,          302
   1.9399738216626230      ,   0.25404862071490986      , 0,          303
   2.0051581797349147      ,   0.26587025226485955      , 0,          304
   2.0661509580222672      ,   0.27860569518608996      , 0,          305
   2.1228608984265871      ,   0.29121520200352136      , 0,          306
   2.1757158751934296      ,   0.30295384789104984      , 0,          307
   2.2252849692672108      ,   0.31339563904623946      , 0,          308
   2.2721352767695620      ,   0.32234009531224778      , 0,          309
   2.3167890139903848      ,   0.32972000364506243      , 0,          310
   2.3597174034738893      ,   0.33553728662684829      , 0,          311
   2.4013468602526391      ,   0.33982350077499690      , 0,          312
   2.4420687173783602      ,   0.34261685894578398      , 0,          313
   2.4822495360997121      ,   0.34394941983455457      , 0,          314
   2.5222411520755994      ,   0.34384042262780828      , 0,          315
   2.5623903722575787      ,   0.34229352183442474      , 0,          316
   2.6030485032156774      ,   0.33929693396451954      , 0,          317
   2.6445809520650911      ,   0.33482649577974016      , 0,          318
   2.6873770653528481      ,   0.32885261354312939      , 0,          319
   2.7318600859256166      ,   0.32135330782036231      , 0,          320
   2.7784963180117566      ,   0.31233725724626110      , 0,          321
   2.8278004540046626      ,   0.30188290282544689      , 0,          322
   2.8803282236305905      ,   0.29020105879935010      , 0,          323
   2.9366321282698493      ,   0.27772326681826703      , 0,          324
   2.9971186968556109      ,   0.26518748960670635      , 0,          325
   3.0616808177046249      ,   0.25360415808902914      , 0,          326
   3.1290086916444690      ,   0.24391593501835854      , 0,          327
   3.1962427686766324      ,   0.23656437560963084      , 0,          328
   3.2622632057890599      ,   0.23117731858534246      , 0,          329
   3.3268669243217377      ,   0.22723863153384327      , 0,          330
   3.3901668901546373      ,   0.22432621573412750      , 0,          331
   3.4523465749134838      ,   0.22213972960185543      , 0,          332
   3.5135821795853719      ,   0.22047360679247838      , 0,          333
   3.5740243805832828      ,   0.21918733625259887      , 0,          334
   3.6337981051807633      ,   0.21818354044443516      , 0,          335
   3.6930066126177699      ,   0.21739341066674558      , 0,          336
   3.7517358019249345      ,   0.21676730838001054      , 0,          337
   3.8100577612648556      ,   0.21626870322287720      , 0,          338
   3.8680334890870851      ,   0.21587021639218967      , 0,          339
   3.9257149416626755      ,   0.21555099315264178      , 0,          340
   3.9831465805588380      ,   0.21529492384116120      , 0,          341
   4.0403665613955226      ,   0.21508941519836547      , 0,          342
   4.0974076678936635      ,   0.21492452501731982      , 0,          343
   4.1542980645224379      ,   0.21479234104603331      , 0,          344
   4.2110619183488804      ,   0.21468652708268793      , 0,          345
   4.2677199246605833      ,   0.21460198555692020      , 0,          346
   4.3242897598883783      ,   0.21453460269741356      , 0,          347
   4.3807864778797860      ,   0.21448105328093567      , 0,          348
   4.4372228605962949      ,   0.21443864913224456      , 0,          349
   4.4936097310572496      ,   0.21440522033865056      , 0,          350
   4.5499562342843793      ,   0.21437902139108569      , 0,          351
   4.6062700907292387      ,   0.21435865669238233      , 0,          352
   4.6625578259209366      ,   0.21434302142190564      , 0,          353
   4.7188249796632507      ,   0.21433125483499751      , 0,          354
   4.7750762979049171      ,   0.21432270385253113      , 0,          355
   4.8313159103105168      ,   0.21431689535890261      , 0,          356
   4.8875474965056904      ,   0.21431351604332935      , 0,          357
   4.9437744439128704      ,   0.21431239893624335      , 0,          358
   5.0000000000000000      ,   0.21431351604332935      , 0,          359
   0.0000000000000000      ,   0.28572164121518562      , 0,          360
   5.6186449657384605E-002 ,   0.28572137331605035      , 0,          361
  0.11237436836532279      ,   0.28572217903140879      , 0,          362
  0.16856491069453380      ,   0.28572420081381578      , 0,          363
  0.22475953401420251      ,   0.28572771557784860      , 0,          364
  0.28096012348800570      ,   0.28573315524739495      , 0,          365
  0.33716913852052716      ,   0.28574113613977103      , 0,          366
  0.39338978463050039      ,   0.28575249752598597      , 0,          367
  0.44962621413833881      ,   0.28576834987271776      , 0,          368
  0.50588375821069087      ,   0.28579013347827292      , 0,          369
  0.56216919166685364      ,   0.28581968851703449      , 0,          370
  0.61849103051656695      ,   0.28585933797929192      , 0,          371
  0.67485986051337510      ,   0.28591198573384891      , 0,          372
  0.73128869318755674      ,   0.28598123307619511      , 0,          373
  0.78779334405951140      ,   0.28607151882016074      , 0,          374
  0.84439282629261825      ,   0.28618829046444777      , 0,          375
  0.90110975223730827      ,   0.28633821751640637      , 0,          376
  0.95797073545970346      ,   0.28652946310733352      , 0,          377
   1.0150067871712203      ,   0.28677203720306205      , 0,          378
   1.0722537034908690      ,   0.28707826491422833      , 0,          379
   1.1297524432157438      ,   0.28746341799889374      , 0,          380
   1.1875494983088952      ,   0.28794657860778006      , 0,          381
   1.2456972576664285      ,   0.28855183441501059      , 0,          382
   1.3042543510739304      ,   0.28930994696858842      , 0,          383
   1.3632859172623026      ,   0.29026069352373984      , 0,          384
   1.4228636292306840      ,   0.29145615566830019      , 0,          385
   1.4830650466598376      ,   0.29296529813214700      , 0,          386
   1.5439712639629970      ,   0.29488018000066973      , 0,          387
   1.6056604930472276      ,   0.29732386000664590      , 0,          388
   1.6681924141981999      ,   0.30045893990027661      , 0,          389
   1.7315727570483916      ,   0.30449242726754761      , 0,          390
   1.7956796245724749      ,   0.30966481331562901      , 0,          391
   1.8601309361655640      ,   0.31619753148519653      , 0,          392
   1.9241147264963792      ,   0.32416543565734079      , 0,          393
   1.9863842317556188      ,   0.33331701167560596      , 0,          394
   2.0460703942809828      ,   0.34313791085510448      , 0,          395
   2.1028406566483611      ,   0.35302658449871549      , 0,          396
   2.1567447522910208      ,   0.36246073138937068      , 0,          397
   2.2080376392229137      ,   0.37106378929173656      , 0,          398
   2.2570629219133904      ,   0.37859774852657929      , 0,          399
   2.3041909701512058      ,   0.38492878225890698      , 0,          400
   2.3497904568395662      ,   0.38999167567390258      , 0,          401
   2.3942176044913075      ,   0.39376182248653874      , 0,          402
   2.4378142326473142      ,   0.39623570412784781      , 0,          403
   2.4809100231392178      ,   0.39741834446460839      , 0,          404
   2.5238267306318662      ,   0.39731601502195796      , 0,          405
   2.5668832077913923      ,   0.39593293905415011      , 0,          406
   2.6104006266182944      ,   0.39327135880869224      , 0,          407
   2.6547074213992938      ,   0.38933494524456452      , 0,          408
   2.7001433310260023      ,   0.38413613350594278      , 0,          409
   2.7470614073307056      ,   0.37770854748607108      , 0,          410
   2.7958257322710374      ,   0.37012608054212365      , 0,          411
   2.8468003456751445      ,   0.36152987386017299      , 0,          412
   2.9003207698487481      ,   0.35216190483785043      , 0,          413
   2.9566332453257949      ,   0.34239613866815194      , 0,          414
   3.0157822331834443      ,   0.33274183965949189      , 0,          415
   3.0774429091123805      ,   0.32377544509956097      , 0,          416
   3.1407804991922119      ,   0.31597979872028642      , 0,          417
   3.2046086332132639      ,   0.30958216716391085      , 0,          418
   3.2681528991542796      ,   0.30450639741360164      , 0,          419
   3.3310474751363750      ,   0.30053972101406512      , 0,          420
   3.3931752217084883      ,   0.29745097008001964      , 0,          421
   3.4545412853845727      ,   0.29504003691529668      , 0,          422
   3.5152020879118253      ,   0.29314868975361985      , 0,          423
   3.5752309073209485      ,   0.29165640903610457      , 0,          424
   3.6347026501033386      ,   0.29047253809197626      , 0,          425
   3.6936877171674491      ,   0.28952888066332971      , 0,          426
   3.7522499334023811      ,   0.28877381255392465      , 0,          427
   3.8104462016352945      ,   0.28816789542427146      , 0,          428
   3.8683268352458344      ,   0.28768069429969323      , 0,          429
   3.9259361177606733      ,   0.28728848640051668      , 0,          430
   3.9833129035728732      ,   0.28697260865174812      , 0,          431
   4.0404911900687726      ,   0.28671825734994272      , 0,          432
   4.0975006403850855      ,   0.28651360747982979      , 0,          433
   4.1543670552482759      ,   0.28634915901025743      , 0,          434
   4.2111127987819392      ,   0.28621724564012913      , 0,          435
   4.2677571843840578      ,   0.28611166098649488      , 0,          436
   4.3243168261176539      ,   0.28602737066967676      , 0,          437
   4.3808059599479874      ,   0.28596028803999002      , 0,          438
   4.4372367381531976      ,   0.28590709772646999      , 0,          439
   4.4936194995059031      ,   0.28586511567269129      , 0,          440
   4.5499630173814722      ,   0.28583217747100514      , 0,          441
   4.6062747277440526      ,   0.28580654903019853      , 0,          442
   4.6625609389274683      ,   0.28578685519606001      , 0,          443
   4.7188270252008069      ,   0.28577202308388966      , 0,          444
   4.7750776062333529      ,   0.28576123771078543      , 0,          445
   4.8313167147067730      ,   0.28575390812702078      , 0,          446
   4.8875479544302802      ,   0.28574964270574621      , 0,          447
   4.9437746513711627      ,   0.28574823260557752      , 0,          448
   5.0000000000000000      ,   0.28574964270574621      , 0,          449
   0.0000000000000000      ,   0.35715159390788398      , 0,          450
   5.6186334402683183E-002 ,   0.35715127951953041      , 0,          451
  0.11237410075444972      ,   0.35715222575703809      , 0,          452
  0.16856441789116819      ,   0.35715459763847063      , 0,          453
  0.22475869505945698      ,   0.35715871554438178      , 0,          454
  0.28095875050812763      ,   0.35716507849402979      , 0,          455
  0.33716694981915396      ,   0.35717439736715995      , 0,          456
  0.39338636737571459      ,   0.35718763838833523      , 0,          457
  0.44962097367692910      ,   0.35720607734839555      , 0,          458
  0.50587585023932458      ,   0.35723136522779875      , 0,          459
  0.56215743252927186      ,   0.35726560616288183      , 0,          460
  0.61847377972944872      ,   0.35731144912930074      , 0,          461
  0.67483486817485649      ,   0.35737219539659648      , 0,          462
  0.73125290306606194      ,   0.35745192484384691      , 0,          463
  0.78774264069080968      ,   0.35755564575151066      , 0,          464
  0.84432171099912967      ,   0.35768947485924224      , 0,          465
  0.90101092810539762      ,   0.35786085749904967      , 0,          466
  0.95783457416458484      ,   0.35807884171828697      , 0,          467
   1.0148206398997437      ,   0.35835442579277621      , 0,          468
   1.0720010022260240      ,   0.35870100574454844      , 0,          469
   1.1294115145297361      ,   0.35913495877944906      , 0,          470
   1.1870919754436422      ,   0.35967641016640595      , 0,          471
   1.2450859221632502      ,   0.36035024466222165      , 0,          472
   1.3034401547706262      ,   0.36118743725220104      , 0,          473
   1.3622038209793688      ,   0.36222678593842583      , 0,          474
   1.4214267445436133      ,   0.36351711673495263      , 0,          475
   1.4811564109515030      ,   0.36511996334450508      , 0,          476
   1.5414325458273115      ,   0.36711252632283586      , 0,          477
   1.6022774298613589      ,   0.36959024022886228      , 0,          478
   1.6636789613515164      ,   0.37266726659833921      , 0,          479
   1.7255624247565111      ,   0.37647137424206373      , 0,          480
   1.7877478594316294      ,   0.38112703289688632      , 0,          481
   1.8498982020990724      ,   0.38671905656168720      , 0,          482
   1.9114884271817609      ,   0.39323541304527321      , 0,          483
   1.9718693030137535      ,   0.40051307061606806      , 0,          484
   2.0305072744230488      ,   0.40825260950461917      , 0,          485
   2.0871035959688276      ,   0.41608699389758835      , 0,          486
   2.1415856895073873      ,   0.42366052779492636      , 0,          487
   2.1940456553290058      ,   0.43067855094716195      , 0,          488
   2.2446772621465914      ,   0.43692268425591863      , 0,          489
   2.2937295254601753      ,   0.44224438772919594      , 0,          490
   2.3414775790257774      ,   0.44654991427164131      , 0,          491
   2.3882063368601418      ,   0.44978449720085195      , 0,          492
   2.4342023939741715      ,   0.45191916863427051      , 0,          493
   2.4797508523016121      ,   0.45294115087290804      , 0,          494
   2.5251349099590530      ,   0.45284774265202943      , 0,          495
   2.5706368228713710      ,   0.45164336898436414      , 0,          496
   2.6165392653749402      ,   0.44933955345514731      , 0,          497
   2.6631262492564067      ,   0.44595778232508521      , 0,          498
   2.7106826391028784      ,   0.44153543343399088      , 0,          499
   2.7594909047118388      ,   0.43613501364773438      , 0,          500
   2.8098230239233515      ,   0.42985667037055852      , 0,          501
   2.8619243862573693      ,   0.42285291582343820      , 0,          502
   2.9159854668558585      ,   0.41534212473188359      , 0,          503
   2.9720972897199065      ,   0.40761321364302433      , 0,          504
   3.0301919118306229      ,   0.40000929041656730      , 0,          505
   3.0899856662682641      ,   0.39287911219678023      , 0,          506
   3.1509733866529417      ,   0.38650279263666737      , 0,          507
   3.2125420950883821      ,   0.38102969455944491      , 0,          508
   3.2741949828982668      ,   0.37646807719330821      , 0,          509
   3.3356118100233783      ,   0.37273566383192630      , 0,          510
   3.3966205366453477      ,   0.36971261009214046      , 0,          511
   3.4571485743983099      ,   0.36727548966218354      , 0,          512
   3.5171822980477581      ,   0.36531340775391952      , 0,          513
   3.5767400599555379      ,   0.36373312197553864      , 0,          514
   3.6358559834124287      ,   0.36245881762864690      , 0,          515
   3.6945707711601474      ,   0.36142983265113388      , 0,          516
   3.7529266814877422      ,   0.36059793165641224      , 0,          517
   3.8109648708593937      ,   0.35992478707177722      , 0,          518
   3.8687240510673990      ,   0.35937987266484089      , 0,          519
   3.9262398697830494      ,   0.35893878212691088      , 0,          520
   3.9835446882989132      ,   0.35858191653272287      , 0,          521
   4.0406675775094154      ,   0.35829346930527428      , 0,          522
   4.0976344336860127      ,   0.35806064273544597      , 0,          523
   4.1544681593118344      ,   0.35787304164698330      , 0,          524
   4.2111888779535596      ,   0.35772220164231772      , 0,          525
   4.2678141650857588      ,   0.35760121953042090      , 0,          526
   4.3243592839466078      ,   0.35750446162449639      , 0,          527
   4.3808374195895796      ,   0.35742733178949959      , 0,          528
   4.4372599067476051      ,   0.35736608576560636      , 0,          529
   4.4936364487111513      ,   0.35731768174245426      , 0,          530
   4.5499753255412072      ,   0.35727965970582182      , 0,          531
   4.6062835907966369      ,   0.35725004395670135      , 0,          532
   4.6625672566530145      ,   0.35722726459019100      , 0,          533
   4.7188314678716967      ,   0.35721009475104815      , 0,          534
   4.7750806655607656      ,   0.35719760125232930      , 0,          535
   4.8313187420572339      ,   0.35718910672562365      , 0,          536
   4.8875491885499462      ,   0.35718416191931579      , 0,          537
   4.9437752372504500      ,   0.35718252711476023      , 0,          538
   5.0000000000000000      ,   0.35718416191931579      , 0,          539
   0.0000000000000000      ,   0.42858116442714161      , 0,          540
   5.6186135659972609E-002 ,   0.42858081842098111      , 0,          541
  0.11237365045076712      ,   0.42858186110589952      , 0,          542
  0.16856361469051578      ,   0.42858447185365361      , 0,          543
  0.22475737386166234      ,   0.42858899842670328      , 0,          544
  0.28095665955627691      ,   0.42859598170000202      , 0,          545
  0.33716371825669317      ,   0.42860619086617230      , 0,          546
  0.39338146072379360      ,   0.42862066938177340      , 0,          547
  0.44961363398384047      ,   0.42864079204296524      , 0,          548
  0.50586501681991314      ,   0.42866833372873925      , 0,          549
  0.56214163823651087      ,   0.42870555056634929      , 0,          550
  0.61845101654532009      ,   0.42875527461738300      , 0,          551
  0.67480241451385048      ,   0.42882102372722875      , 0,          552
  0.73120710345537765      ,   0.42890712900865785      , 0,          553
  0.78767862627183161      ,   0.42901888363130813      , 0,          554
  0.84423304634541807      ,   0.42916271825318536      , 0,          555
  0.90088916581797207      ,   0.42934641064004925      , 0,          556
  0.95766869308124936      ,   0.42957933983200380      , 0,          557
   1.0145963348593798      ,   0.42987279863705974      , 0,          558
   1.0716997822956642      ,   0.43024038214272076      , 0,          559
   1.1290095514496583      ,   0.43069847397108652      , 0,          560
   1.1865586239345904      ,   0.43126685527486275      , 0,          561
   1.2443818087163825      ,   0.43196946205587389      , 0,          562
   1.3025147044229313      ,   0.43283531033278594      , 0,          563
   1.3609920724406046      ,   0.43389958823070873      , 0,          564
   1.4198453203163730      ,   0.43520486464562969      , 0,          565
   1.4790986269275301      ,   0.43680225996873162      , 0,          566
   1.5387630102775820      ,   0.43875222384968571      , 0,          567
   1.5988273864084850      ,   0.44112421217082487      , 0,          568
   1.6592455688438275      ,   0.44399400695073338      , 0,          569
   1.7199186966974993      ,   0.44743674685195967      , 0,          570
   1.7806747769314024      ,   0.45151335416580224      , 0,          571
   1.8412523453248033      ,   0.45624911064357854      , 0,          572
   1.9013039514270715      ,   0.46160755973373718      , 0,          573
   1.9604410475207141      ,   0.46747140375651952      , 0,          574
   2.0183241045539857      ,   0.47364815618595596      , 0,          575
   2.0747272339920415      ,   0.47989969891778245      , 0,          576
   2.1295552750567461      ,   0.48598078039234915      , 0,          577
   2.1828278282713791      ,   0.49166985927142215      , 0,          578
   2.2346507369473074      ,   0.49678541826355893      , 0,          579
   2.2851882320277936      ,   0.50118958387645540      , 0,          580
   2.3346410611586150      ,   0.50478406974172552      , 0,          581
   2.3832312828367943      ,   0.50750296234090109      , 0,          582
   2.4311925454594769      ,   0.50930526029058887      , 0,          583
   2.4787642815623570      ,   0.51016867560237289      , 0,          584
   2.5261884121959741      ,   0.51008532858867084      , 0,          585
   2.5737074249603529      ,   0.50905952981476843      , 0,          586
   2.6215628873106160      ,   0.50710767185355221      , 0,          587
   2.6699935318612837      ,   0.50426020219641365      , 0,          588
   2.7192319944583137      ,   0.50056559633650177      , 0,          589
   2.7694991130740902      ,   0.49609607963603458      , 0,          590
   2.8209944641541731      ,   0.49095442044025722      , 0,          591
   2.8738816975984740      ,   0.48528028628058273      , 0,          592
   2.9282676626291142      ,   0.47925336624909270      , 0,          593
   2.9841761408047289      ,   0.47308906198693762      , 0,          594
   3.0415213742881861      ,   0.46702229621515196      , 0,          595
   3.1000938055570590      ,   0.46127820343529857      , 0,          596
   3.1595768435235954      ,   0.45603659323892004      , 0,          597
   3.2196074874574201      ,   0.45140559503679789      , 0,          598
   3.2798600274283070      ,   0.44741756114384007      , 0,          599
   3.3400881265747451      ,   0.44404703489489644      , 0,          600
   3.4001284726595324      ,   0.44123492159698935      , 0,          601
   3.4598857436919053      ,   0.43890843764364001      , 0,          602
   3.5193135030731986      ,   0.43699391723597436      , 0,          603
   3.5783976888374922      ,   0.43542353401502082      , 0,          604
   3.6371443907599370      ,   0.43413800522116031      , 0,          605
   3.6955714964193267      ,   0.43308704039676427      , 0,          606
   3.7537032330700524      ,   0.43222870107534700      , 0,          607
   3.8115666974745133      ,   0.43152834171065346      , 0,          608
   3.8691896924087885      ,   0.43095747671925899      , 0,          609
   3.9265994046792918      ,   0.43049273030959939      , 0,          610
   3.9838216214934761      ,   0.43011492613793695      , 0,          611
   4.0408802918332070      ,   0.42980832537586827      , 0,          612
   4.0977973102715133      ,   0.42956000079173340      , 0,          613
   4.1545924451858864      ,   0.42935932731085213      , 0,          614
   4.2112833610348295      ,   0.42919756886270000      , 0,          615
   4.2678857016392380      ,   0.42906754335983760      , 0,          616
   4.3244132122956129      ,   0.42896335053364160      , 0,          617
   4.3808778855478447      ,   0.42888015023383153      , 0,          618
   4.4372901200796795      ,   0.42881398134599036      , 0,          619
   4.4936588853753010      ,   0.42876161359929421      , 0,          620
   4.5499918870754819      ,   0.42872042623880807      , 0,          621
   4.6062957296541178      ,   0.42868830887791493      , 0,          622
   4.6625760743444866      ,   0.42866358089191087      , 0,          623
   4.7188377912669441      ,   0.42864492652531544      , 0,          624
   4.7750851055145516      ,   0.42863134351630666      , 0,          625
   4.8313217375771380      ,   0.42862210353569008      , 0,          626
   4.8875510389484713      ,   0.42861672313007132      , 0,          627
   4.9437761240775746      ,   0.42861494417738638      , 0,          628
   5.0000000000000000      ,   0.42861672313007132      , 0,          629
   0.0000000000000000      ,   0.50001027825885225      , 0,          630
   5.6185875779278416E-002 ,   0.50000991754278401      , 0,          631
  0.11237306726760020      ,   0.50001100611703975      , 0,          632
  0.16856258790037468      ,   0.50001372871576089      , 0,          633
  0.22475570941097875      ,   0.50001844297605569      , 0,          634
  0.28095406448686050      ,   0.50002570430389826      , 0,          635
  0.33715976530462871      ,   0.50003630119824438      , 0,          636
  0.39337554009409365      ,   0.50005130120938146      , 0,          637
  0.44960488902146301      ,   0.50007210780018829      , 0,          638
  0.50585225950481416      ,   0.50010052847565600      , 0,          639
  0.56212323953040222      ,   0.50013885468519936      , 0,          640
  0.61842476559088566      ,   0.50018995423177715      , 0,          641
  0.67476533950191908      ,   0.50025737729558817      , 0,          642
  0.73115524558026435      ,   0.50034547775295557      , 0,          643
  0.78760675650826339      ,   0.50045955229044747      , 0,          644
  0.84413431268322536      ,   0.50060600090845231      , 0,          645
  0.90075465592635129      ,   0.50079251376810541      , 0,          646
  0.95748689396487197      ,   0.50102829088552336      , 0,          647
   1.0143524667657413      ,   0.50132430273003592      , 0,          648
   1.0713749789379627      ,   0.50169360095877313      , 0,          649
   1.1285798529258515      ,   0.50215168861092685      , 0,          650
   1.1859937438696717      ,   0.50271695682660156      , 0,          651
   1.2436436363693524      ,   0.50341118835157972      , 0,          652
   1.3015555128486840      ,   0.50426011303958140      , 0,          653
   1.3597524396397218      ,   0.50529397127428566      , 0,          654
   1.4182518591330298      ,   0.50654798858874539      , 0,          655
   1.4770618103817201      ,   0.50806257635798346      , 0,          656
   1.5361757510850560      ,   0.50988293610885560      , 0,          657
   1.5955656863131751      ,   0.51205755459389990      , 0,          658
   1.6551735638039293      ,   0.51463486367361433      , 0,          659
   1.7149016166337141      ,   0.51765721852565916      , 0,          660
   1.7746038247597229      ,   0.52115158772307257      , 0,          661
   1.8340829920270012      ,   0.52511737956898163      , 0,          662
   1.8931001270480674      ,   0.52951397856380056      , 0,          663
   1.9514017255176126      ,   0.53425323006601855      , 0,          664
   2.0087612151200527      ,   0.53920263149341985      , 0,          665
   2.0650139112045798      ,   0.54419952538946958      , 0,          666
   2.1200735844841363      ,   0.54907093430936993      , 0,          667
   2.1739316226520913      ,   0.55365197213505180      , 0,          668
   2.2266457208338553      ,   0.55779840299241090      , 0,          669
   2.2783249027008594      ,   0.56139255611492533      , 0,          670
   2.3291151781951842      ,   0.56434407867915592      , 0,          671
   2.3791877311249832      ,   0.56658765585264981      , 0,          672
   2.4287299876367734      ,   0.56807953365143760      , 0,          673
   2.4779391619003328      ,   0.56879410123523699      , 0,          674
   2.5270176014648622      ,   0.56872126745077367      , 0,          675
   2.5761692053985490      ,   0.56786500054155264      , 0,          676
   2.6255962101177839      ,   0.56624316906341721      , 0,          677
   2.6754956576722067      ,   0.56388866424806683      , 0,          678
   2.7260548588494298      ,   0.56085162936471300      , 0,          679
   2.7774451600571379      ,   0.55720240241879160      , 0,          680
   2.8298133897519442      ,   0.55303443973602195      , 0,          681
   2.8832706414524827      ,   0.54846601830928543      , 0,          682
   2.9378787793741132      ,   0.54363901811550674      , 0,          683
   2.9936364963174542      ,   0.53871288705395071      , 0,          684
   3.0504689567008088      ,   0.53385258021000048      , 0,          685
   3.1082272691093324      ,   0.52921141066356137      , 0,          686
   3.1667040331184366      ,   0.52491301354176179      , 0,          687
   3.2256656973792186      ,   0.52103881046715717      , 0,          688
   3.2848907988151272      ,   0.51762557224611849      , 0,          689
   3.3441953216580500      ,   0.51467255435274673      , 0,          690
   3.4034416373727914      ,   0.51215305258933330      , 0,          691
   3.4625360353778740      ,   0.51002571476768455      , 0,          692
   3.5214209648308272      ,   0.50824327895949206      , 0,          693
   3.5800661719267231      ,   0.50675831517577075      , 0,          694
   3.6384607940249016      ,   0.50552648521503851      , 0,          695
   3.6966070795198789      ,   0.50450807266895781      , 0,          696
   3.7545157113954128      ,   0.50366844253630505      , 0,          697
   3.8122024580828899      ,   0.50297790556149213      , 0,          698
   3.8696858350527239      ,   0.50241129250426508      , 0,          699
   3.9269855032289018      ,   0.50194741845127611      , 0,          700
   3.9841211926496181      ,   0.50156853528923351      , 0,          701
   4.0411119968003533      ,   0.50125982067947095      , 0,          702
   4.0979759277365400      ,   0.50100892346144421      , 0,          703
   4.1547296547147692      ,   0.50080557018544702      , 0,          704
   4.2113883719887850      ,   0.50064122996609972      , 0,          705
   4.2679657573096721      ,   0.50050883165183768      , 0,          706
   4.3244739936441334      ,   0.50040252639732830      , 0,          707
   4.3809238342695727      ,   0.50031748894694539      , 0,          708
   4.4373246968168045      ,   0.50024975164909502      , 0,          709
   4.4936847757469573      ,   0.50019606608624312      , 0,          710
   4.5500111656521929      ,   0.50015378805754895      , 0,          711
   4.6063099899736200      ,   0.50012078241730662      , 0,          712
   4.6625865314352888      ,   0.50009534492959684      , 0,          713
   4.7188453618290227      ,   0.50007613884888391      , 0,          714
   4.7750904698325334      ,   0.50006214438989305      , 0,          715
   4.8313253863550187      ,   0.50005261962397651      , 0,          716
   4.8875533075130377      ,   0.50004707164955509      , 0,          717
   4.9437772157661453      ,   0.50004523714624693      , 0,          718
   5.0000000000000000      ,   0.50004707164955509      , 0,          719
   0.0000000000000000      ,   0.57143888247450836      , 0,          720
   5.6185581591517382E-002 ,   0.57143852508818227      , 0,          721
  0.11237241066702665      ,   0.57143960506021152      , 0,          722
  0.16856144036405396      ,   0.57144230319185663      , 0,          723
  0.22475386494683422      ,   0.57144696900672931      , 0,          724
  0.28095121415011987      ,   0.57145414451545729      , 0,          725
  0.33715546152682185      ,   0.57146459789251425      , 0,          726
  0.39336914837221476      ,   0.57147936715393699      , 0,          727
  0.44959552387977414      ,   0.57149981397691163      , 0,          728
  0.50583870094379746      ,   0.57152768784466512      , 0,          729
  0.56210382541463411      ,   0.57156520076179285      , 0,          730
  0.61839725459940764      ,   0.57161511290082345      , 0,          731
  0.67472673836880093      ,   0.57168082974653522      , 0,          732
  0.73110159338303116      ,   0.57176651163083725      , 0,          733
  0.78753285770646875      ,   0.57187719701288287      , 0,          734
  0.84403340945838723      ,   0.57201894144144949      , 0,          735
  0.90061802913689870      ,   0.57219897477408732      , 0,          736
  0.95730338077664134      ,   0.57242587977473036      , 0,          737
   1.0141078819659786      ,   0.57270979539946931      , 0,          738
   1.0710514266025934      ,   0.57306264745157254      , 0,          739
   1.1281549165646820      ,   0.57349840709986355      , 0,          740
   1.1854395485167113      ,   0.57403337284749112      , 0,          741
   1.2429257891568000      ,   0.57468646215354002      , 0,          742
   1.3006319561030364      ,   0.57547948250974923      , 0,          743
   1.3585723035283483      ,   0.57643732495577549      , 0,          744
   1.4167544963138712      ,   0.57758798181519999      , 0,          745
   1.4751763558515369      ,   0.57896223164806393      , 0,          746
   1.5338217997820209      ,   0.58059275911227182      , 0,          747
   1.5926560224396686      ,   0.58251239835866364      , 0,          748
   1.6516202420014263      ,   0.58475114282478069      , 0,          749
   1.7106268515642189      ,   0.58733162844436748      , 0,          750
   1.7695565724310431      ,   0.59026309048775649      , 0,          751
   1.8282600204507307      ,   0.59353443153405927      , 0,          752
   1.8865663211480341      ,   0.59710798139836718      , 0,          753
   1.9442999232360321      ,   0.60091634428063478      , 0,          754
   2.0013027639006866      ,   0.60486449667165454      , 0,          755
   2.0574543626789872      ,   0.60883732510955635      , 0,          756
   2.1126841442969115      ,   0.61271050182312348      , 0,          757
   2.1669747589957375      ,   0.61636156544117093      , 0,          758
   2.2203584310717086      ,   0.61967872393245893      , 0,          759
   2.2729094086063286      ,   0.62256633975009745      , 0,          760
   2.3247351345978986      ,   0.62494730686320599      , 0,          761
   2.3759677889755735      ,   0.62676318147378574      , 0,          762
   2.4267569590928102      ,   0.62797305846319940      , 0,          763
   2.4772635843563195      ,   0.62855202920461439      , 0,          764
   2.5276549726109843      ,   0.62848980832019086      , 0,          765
   2.5781005176710265      ,   0.62778988014187187      , 0,          766
   2.6287676808970803      ,   0.62646932003972045      , 0,          767
   2.6798177864073671      ,   0.62455928093917501      , 0,          768
   2.7314012028380468      ,   0.62210597494128128      , 0,          769
   2.7836515585145944      ,   0.61917179859540183      , 0,          770
   2.8366788054486527      ,   0.61583603956737865      , 0,          771
   2.8905612804498002      ,   0.61219439244507257      , 0,          772
   2.9453374809003150      ,   0.60835639809591535      , 0,          773
   3.0009990847732806      ,   0.60444007780727937      , 0,          774
   3.0574876085843483      ,   0.60056365769479958      , 0,          775
   3.1146974742306108      ,   0.59683541058289957      , 0,          776
   3.1724872837285840      ,   0.59334389258018672      , 0,          777
   3.2306981564703481      ,   0.59015134560509597      , 0,          778
   3.2891739847101062      ,   0.58729204458930251      , 0,          779
   3.3477769172795937      ,   0.58477533760813483      , 0,          780
   3.4063954434924799      ,   0.58259144636373017      , 0,          781
   3.4649460528107099      ,   0.58071790350614216      , 0,          782
   3.5233708307669986      ,   0.57912520854215521      , 0,          783
   3.5816331878859948      ,   0.57778110956939255      , 0,          784
   3.6397131987686624      ,   0.57665348697372487      , 0,          785
   3.6976033352370257      ,   0.57571208658386952      , 0,          786
   3.7553049018819147      ,   0.57492941775156114      , 0,          787
   3.8128252172570005      ,   0.57428109859055698      , 0,          788
   3.8701754631258400      ,   0.57374586397185356      , 0,          789
   3.9273690851042198      ,   0.57330538588122537      , 0,          790
   3.9844206284536154      ,   0.57294400292300074      , 0,          791
   4.0413449086435236      ,   0.57264841788750198      , 0,          792
   4.0981564357032543      ,   0.57240739701232846      , 0,          793
   4.1548690292759121      ,   0.57221148855750747      , 0,          794
   4.2114955760597708      ,   0.57205276864375332      , 0,          795
   4.2680478928916710      ,   0.57192461674480488      , 0,          796
   4.3245366675673802      ,   0.57182152022794930      , 0,          797
   4.3809714561945592      ,   0.57173890587716392      , 0,          798
   4.4373607209657360      ,   0.57167299576015429      , 0,          799
   4.4937118961430480      ,   0.57162068471355842      , 0,          800
   4.5500314730770883      ,   0.57157943688090662      , 0,          801
   4.6063250974638930      ,   0.57154719900795070      , 0,          802
   4.6625976739337860      ,   0.57152232850395779      , 0,          803
   4.7188534745722182      ,   0.57150353457659842      , 0,          804
   4.7750962491693976      ,   0.57148983102453366      , 0,          805
   4.8313293359331171      ,   0.57148049952003077      , 0,          806
   4.8875557721116536      ,   0.57147506243456192      , 0,          807
   4.9437784044841013      ,   0.57147326445723690      , 0,          808
   5.0000000000000000      ,   0.57147506243456192      , 0,          809
   0.0000000000000000      ,   0.64286694836047720      , 0,          810
   5.6185282418321436E-002 ,   0.64286661257800959      , 0,          811
  0.11237174535338433      ,   0.64286762823268173      , 0,          812
  0.16856028334670578      ,   0.64287016306636047      , 0,          813
  0.22475201588524613      ,   0.64287454093306551      , 0,          814
  0.28094837400537226      ,   0.64288126333435980      , 0,          815
  0.33715119922204850      ,   0.64289103986651552      , 0,          816
  0.39336285585601416      ,   0.64290482759102607      , 0,          817
  0.44958635687707305      ,   0.64292387935705031      , 0,          818
  0.50582550210754162      ,   0.64294980110173106      , 0,          819
  0.56208502599510446      ,   0.64298461815250019      , 0,          820
  0.61837075014047038      ,   0.64303085057787757      , 0,          821
  0.67468973334237758      ,   0.64309159770156687      , 0,          822
  0.73105040911196162      ,   0.64317063202191516      , 0,          823
  0.78746269744070596      ,   0.64327250295938987      , 0,          824
  0.84393807412263155      ,   0.64340265105096206      , 0,          825
  0.90048957717008860      ,   0.64356753333417349      , 0,          826
  0.95713172584040607      ,   0.64377476055298488      , 0,          827
   1.0138803234886733      ,   0.64403324620398150      , 0,          828
   1.0707521108262565      ,   0.64435336591007442      , 0,          829
   1.1277642311447398      ,   0.64474712254823097      , 0,          830
   1.1849334637244671      ,   0.64522830710939649      , 0,          831
   1.2422751764043223      ,   0.64581263629518104      , 0,          832
   1.2998019443767936      ,   0.64651783398144846      , 0,          833
   1.3575217825298997      ,   0.64736360351268329      , 0,          834
   1.4154359487809032      ,   0.64837141053583869      , 0,          835
   1.4735363060705353      ,   0.64956396285412710      , 0,          836
   1.5318022974140613      ,   0.65096424003209929      , 0,          837
   1.5901977141111112      ,   0.65259390470562284      , 0,          838
   1.6486676446838020      ,   0.65447094540022510      , 0,          839
   1.7071362861157930      ,   0.65660649599718024      , 0,          840
   1.7655066280397163      ,   0.65900099179195970      , 0,          841
   1.8236632227703005      ,   0.66164016868821218      , 0,          842
   1.8814790291124257      ,   0.66449181371840949      , 0,          843
   1.9388263351510551      ,   0.66750441249131343      , 0,          844
   1.9955900503928530      ,   0.67060860283519586      , 0,          845
   2.0516801602176562      ,   0.67372151224521337      , 0,          846
   2.1070405141848405      ,   0.67675306948027114      , 0,          847
   2.1616527630862254      ,   0.67961282389945410      , 0,          848
   2.2155358659916797      ,   0.68221592340795079      , 0,          849
   2.2687424627187864      ,   0.68448746680470596      , 0,          850
   2.3213535449302571      ,   0.68636507545589798      , 0,          851
   2.3734725641527064      ,   0.68779997094244039      , 0,          852
   2.4252196863158373      ,   0.68875704128507620      , 0,          853
   2.4767265165066337      ,   0.68921438637516030      , 0,          854
   2.5281313382447399      ,   0.68916273867128353      , 0,          855
   2.5795747384333607      ,   0.68860502306885341      , 0,          856
   2.6311953997597461      ,   0.68755618392615681      , 0,          857
   2.6831258159603348      ,   0.68604327738172854      , 0,          858
   2.7354877131617670      ,   0.68410570122411307      , 0,          859
   2.7883870478366108      ,   0.68179531046462194      , 0,          860
   2.8419086154721378      ,   0.67917605329882957      , 0,          861
   2.8961105619112639      ,   0.67632268952620167      , 0,          862
   2.9510194391409059      ,   0.67331817812281292      , 0,          863
   3.0066268296711245      ,   0.67024951336793970      , 0,          864
   3.0628888208127552      ,   0.66720219167052053      , 0,          865
   3.1197294801995090      ,   0.66425404173661995      , 0,          866
   3.1770487043728504      ,   0.66146962293900824      , 0,          867
   3.2347333904279134      ,   0.65889646428249560      , 0,          868
   3.2926694245697643      ,   0.65656390448806945      , 0,          869
   3.3507516307922454      ,   0.65448443334002393      , 0,          870
   3.4088901248572152      ,   0.65265672635717675      , 0,          871
   3.4670130369663270      ,   0.65106936308712771      , 0,          872
   3.5250664568548058      ,   0.64970442040677356      , 0,          873
   3.5830126763870451      ,   0.64854047805843063      , 0,          874
   3.6408276380045925      ,   0.64755487797124400      , 0,          875
   3.6984982074511348      ,   0.64672527295260285      , 0,          876
   3.7560196238469010      ,   0.64603059117567885      , 0,          877
   3.8133932897653384      ,   0.64545156467635079      , 0,          878
   3.8706249472077809      ,   0.64497095588046482      , 0,          879
   3.9277232231800325      ,   0.64457358861298941      , 0,          880
   3.9846985009610338      ,   0.64424626145812547      , 0,          881
   4.0415620650128643      ,   0.64397759707878899      , 0,          882
   4.0983254690816873      ,   0.64375786256480760      , 0,          883
   4.1550000827583213      ,   0.64357878263678070      , 0,          884
   4.2115967786531048      ,   0.64343335853062156      , 0,          885
   4.2681257290045203      ,   0.64331569951432976      , 0,          886
   4.3245962864385508      ,   0.64322087030163533      , 0,          887
   4.3810169285951366      ,   0.64314475540823601      , 0,          888
   4.4373952504909102      ,   0.64308394023068394      , 0,          889
   4.4937379919082767      ,   0.64303560796252868      , 0,          890
   4.5500510899129303      ,   0.64299745116296059      , 0,          891
   4.6063397489134488      ,   0.64296759670895942      , 0,          892
   4.6626085225758134      ,   0.64294454289822744      , 0,          893
   4.7188614034601999      ,   0.64292710756929472      , 0,          894
   4.7751019175082465      ,   0.64291438623324904      , 0,          895
   4.8313332215135363      ,   0.64290571934960550      , 0,          896
   4.8875582024836115      ,   0.64290066801711054      , 0,          897
   4.9437795783682059      ,   0.64289899748464696      , 0,          898
   5.0000000000000000      ,   0.64290066801711054      , 0,          899
   0.0000000000000000      ,   0.71429447286718573      , 0,          900
   5.6185007900035937E-002 ,   0.71429417635485049      , 0,          901
  0.11237113649542683      ,   0.71429507348899812      , 0,          902
  0.16855922835781820      ,   0.71429731044109257      , 0,          903
  0.22475033700214489      ,   0.71430116911075359      , 0,          904
  0.28094580685678239      ,   0.71430708546703614      , 0,          905
  0.33714736416876717      ,   0.71431567542760221      , 0,          906
  0.39335721951549879      ,   0.71432776823233413      , 0,          907
  0.44957818162029223      ,   0.71434444726014013      , 0,          908
  0.50581378088332407      ,   0.71436709820575328      , 0,          909
  0.56206839940769326      ,   0.71439746449072183      , 0,          910
  0.61834740230219221      ,   0.71443770974412857      , 0,          911
  0.67465726267747550      ,   0.71449048716540342      , 0,          912
  0.73100567004420114      ,   0.71455901557628698      , 0,          913
  0.78740160881936949      ,   0.71464716196620803      , 0,          914
  0.84385539042283431      ,   0.71475953029125450      , 0,          915
  0.90037861909114503      ,   0.71490155611535333      , 0,          916
  0.95698406815792703      ,   0.71507960623826128      , 0,          917
   1.0136854402776203      ,   0.71530108151563199      , 0,          918
   1.0704969820777523      ,   0.71557451932142024      , 0,          919
   1.1274329212969059      ,   0.71590968909924402      , 0,          920
   1.1845066931120662      ,   0.71631766965217492      , 0,          921
   1.2417299230258012      ,   0.71681088961305384      , 0,          922
   1.2991111380710265      ,   0.71740310235370186      , 0,          923
   1.3566541890941366      ,   0.71810925319124930      , 0,          924
   1.4143563890843380      ,   0.71894518074736469      , 0,          925
   1.4722064125351328      ,   0.71992707806381617      , 0,          926
   1.5301820668540458      ,   0.72107062792177190      , 0,          927
   1.5882481463617235      ,   0.72238973043229637      , 0,          928
   1.6463547132585536      ,   0.72389477382791323      , 0,          929
   1.7044363010027452      ,   0.72559047824119849      , 0,          930
   1.7624126533260114      ,   0.72747347766195614      , 0,          931
   1.8201916017728250      ,   0.72952998518089429      , 0,          932
   1.8776744235797409      ,   0.73173405668552083      , 0,          933
   1.9347634362164143      ,   0.73404702705668201      , 0,          934
   1.9913707925953028      ,   0.73641853386978873      , 0,          935
   2.0474268511626956      ,   0.73878915404116319      , 0,          936
   2.1028865884901919      ,   0.74109422213301501      , 0,          937
   2.1577331907652963      ,   0.74326810425836598      , 0,          938
   2.2119787611625172      ,   0.74524819161191247      , 0,          939
   2.2656626578557115      ,   0.74697810039363988      , 0,          940
   2.3188482194328106      ,   0.74840987298322004      , 0,          941
   2.3716186052377046      ,   0.74950523808809477      , 0,          942
   2.4240723027318452      ,   0.75023614423767526      , 0,          943
   2.4763186397316801      ,   0.75058483192757341      , 0,          944
   2.5284734503080766      ,   0.75054368522554704      , 0,          945
   2.5806549056901327      ,   0.75011503730779727      , 0,          946
   2.6329794404318854      ,   0.74931102048983034      , 0,          947
   2.6855576761787403      ,   0.74815346335776545      , 0,          948
   2.7384902676932361      ,   0.74667375250670431      , 0,          949
   2.7918636684288249      ,   0.74491250051938984      , 0,          950
   2.8457459366518849      ,   0.74291880673361987      , 0,          951
   2.9001828721394669      ,   0.74074888329377020      , 0,          952
   2.9551949635437187      ,   0.73846387301249150      , 0,          953
   3.0107757814335256      ,   0.73612683023227654      , 0,          954
   3.0668924790124228      ,   0.73379906686216168      , 0,          955
   3.1234888543052777      ,   0.73153632678023994      , 0,          956
   3.1804909285931640      ,   0.72938543082833907      , 0,          957
   3.2378143013563809      ,   0.72738201104699884      , 0,          958
   3.2953719545125457      ,   0.72554969032910066      , 0,          959
   3.3530810820019887      ,   0.72390067170753403      , 0,          960
   3.4108680169724899      ,   0.72243737132126162      , 0,          961
   3.4686710125654985      ,   0.72115459271976445      , 0,          962
   3.5264411486630625      ,   0.72004178720988388      , 0,          963
   3.5841418763774584      ,   0.71908508826306994      , 0,          964
   3.6417477314704190      ,   0.71826896324519052      , 0,          965
   3.6992426508415082      ,   0.71757744587062822      , 0,          966
   3.7566181957166513      ,   0.71699498569030973      , 0,          967
   3.8138718671259002      ,   0.71650698400304269      , 0,          968
   3.8710056104376891      ,   0.71610009231751448      , 0,          969
   3.9280245465735955      ,   0.71576234211311307      , 0,          970
   3.9849359320075060      ,   0.71548316166584791      , 0,          971
   4.0417483306009823      ,   0.71525332205046244      , 0,          972
   4.0984709717405385      ,   0.71506484244530888      , 0,          973
   4.1551132668063628      ,   0.71491087533247744      , 0,          974
   4.2116844568937344      ,   0.71478558507225010      , 0,          975
   4.2681933672076866      ,   0.71468402826800326      , 0,          976
   4.3246482466722957      ,   0.71460204086952939      , 0,          977
   4.3810566745072919      ,   0.71453613466750920      , 0,          978
   4.4374255185632387      ,   0.71448340436481339      , 0,          979
   4.4937609329578363      ,   0.71444144550936484      , 0,          980
   4.5500683849836285      ,   0.71440828304877702      , 0,          981
   4.6063527033636671      ,   0.71438230998633234      , 0,          982
   4.6626181417343977      ,   0.71436223549121813      , 0,          983
   4.7188684527573921      ,   0.71434704178382513      , 0,          984
   4.7751069695261936      ,   0.71433594914095822      , 0,          985
   4.8313366919614307      ,   0.71432838842188673      , 0,          986
   4.8875603766932381      ,   0.71432398058959123      , 0,          987
   4.9437806295282671      ,   0.71432252278385500      , 0,          988
   5.0000000000000000      ,   0.71432398058959123      , 0,          989
   0.0000000000000000      ,   0.78572147908161627      , 0,          990
   5.6184785784665993E-002 ,   0.78572123813446026      , 0,          991
  0.11237064489083158      ,   0.78572196670820438      , 0,          992
  0.16855837894502723      ,   0.78572378191191772      , 0,          993
  0.22474898970667520      ,   0.78572690941468182      , 0,          994
  0.28094375395448035      ,   0.78573169782190067      , 0,          995
  0.33714430827319991      ,   0.78573863892845874      , 0,          996
  0.39335274412147980      ,   0.78574839377885564      , 0,          997
  0.44957171257998185      ,   0.78576182444454290      , 0,          998
  0.50580453689469962      ,   0.78578003138563812      , 0,          999
  0.56205532931543312      ,   0.78580439620624198      , 0,         1000
  0.61832910677126451      ,   0.78583662954808897      , 0,         1001
  0.67463189763248421      ,   0.78587882380145990      , 0,         1002
  0.73097082921771073      ,   0.78593351024239133      , 0,         1003
  0.78735418288274339      ,   0.78600372011417863      , 0,         1004
  0.84379140057386681      ,   0.78609304901986099      , 0,         1005
  0.90029302377791520      ,   0.78620572371035247      , 0,         1006
  0.95687054302999797      ,   0.78634666982854318      , 0,         1007
   1.0135361337783355      ,   0.78652157824075020      , 0,         1008
   1.0703022527733028      ,   0.78673696603439014      , 0,         1009
   1.1271810687128820      ,   0.78700022581190121      , 0,         1010
   1.1841837023559900      ,   0.78731965326120801      , 0,         1011
   1.2413192558159380      ,   0.78770443785485122      , 0,         1012
   1.2985936199406221      ,   0.78816459479478262      , 0,         1013
   1.3560080649714359      ,   0.78871080821881845      , 0,         1014
   1.4135576462034878      ,   0.78935414718094910      , 0,         1015
   1.4712294967253652      ,   0.79010560918194128      , 0,         1016
   1.5290011364130505      ,   0.79097544496164096      , 0,         1017
   1.5868390000577786      ,   0.79197222876735218      , 0,         1018
   1.6446974705363324      ,   0.79310166765665480      , 0,         1019
   1.7025187753936910      ,   0.79436519779530712      , 0,         1020
   1.7602341302949764      ,   0.79575849528000664      , 0,         1021
   1.8177664396495166      ,   0.79727012061871627      , 0,         1022
   1.8750346474155493      ,   0.79888058786361871      , 0,         1023
   1.9319594691530437      ,   0.80056215545714893      , 0,         1024
   1.9884698217539847      ,   0.80227953809133401      , 0,         1025
   2.0445089865333737      ,   0.80399154332067946      , 0,         1026
   2.1000395671610987      ,   0.80565341277048563      , 0,         1027
   2.1550466184510975      ,   0.80721949168698515      , 0,         1028
   2.2095387566303182      ,   0.80864582216434733      , 0,         1029
   2.2635474382747880      ,   0.80989234557834533      , 0,         1030
   2.3171248170626582      ,   0.81092455062332935      , 0,         1031
   2.3703406480154459      ,   0.81171455084290756      , 0,         1032
   2.4232786540280964      ,   0.81224167909295730      , 0,         1033
   2.4760326580020702      ,   0.81249273451277515      , 0,         1034
   2.5287026634167824      ,   0.81246201848769295      , 0,         1035
   2.5813909662226382      ,   0.81215126531194715      , 0,         1036
   2.6341983158322617      ,   0.81156952549778016      , 0,         1037
   2.6872201177120081      ,   0.81073300582245800      , 0,         1038
   2.7405426850429442      ,   0.80966481813561608      , 0,         1039
   2.7942395999395528      ,   0.80839454596792248      , 0,         1040
   2.8483683298770011      ,   0.80695751317736386      , 0,         1041
   2.9029673489143151      ,   0.80539364380138090      , 0,         1042
   2.9580541103676885      ,   0.80374584841190855      , 0,         1043
   3.0136242674260343      ,   0.80205796415150776      , 0,         1044
   3.0696524913034695      ,   0.80037240123517739      , 0,         1045
   3.1260950536314525      ,   0.79872777266497696      , 0,         1046
   3.1828940248760884      ,   0.79715685332658515      , 0,         1047
   3.2399825719664759      ,   0.79568518380184916      , 0,         1048
   3.2972905640707180      ,   0.79433049859889115      , 0,         1049
   3.3547496598687054      ,   0.79310296910085665      , 0,         1050
   3.4122972743542896      ,   0.79200608697167385      , 0,         1051
   3.4698791685421710      ,   0.79103793005112200      , 0,         1052
   3.5274507148271810      ,   0.79019255536276967      , 0,         1053
   3.5849770829442611      ,   0.78946132267076607      , 0,         1054
   3.6424326624045533      ,   0.78883402959179116      , 0,         1055
   3.6998000227756016      ,   0.78829980876861394      , 0,         1056
   3.7570686554230561      ,   0.78784778702609504      , 0,         1057
   3.8142336710905047      ,   0.78746753478476372      , 0,         1058
   3.8712945649160821      ,   0.78714934581900797      , 0,         1059
   3.9282541113363041      ,   0.78688438855524401      , 0,         1060
   3.9851174165545302      ,   0.78666476550473308      , 0,         1061
   4.0418911336551506      ,   0.78648351058816102      , 0,         1062
   4.0985828320032347      ,   0.78633454708819284      , 0,         1063
   4.1552005054765537      ,   0.78621262277519266      , 0,         1064
   4.2117522011124118      ,   0.78611323375002795      , 0,         1065
   4.2682457493144854      ,   0.78603254473972062      , 0,         1066
   4.3246885777717834      ,   0.78596731080774285      , 0,         1067
   4.3810875929943682      ,   0.78591480349212106      , 0,         1068
   4.4374491154372775      ,   0.78587274305946164      , 0,         1069
   4.4937788563092100      ,   0.78583923769063990      , 0,         1070
   4.5500819262008223      ,   0.78581272986001205      , 0,         1071
   4.6063628675418800      ,   0.78579194983445133      , 0,         1072
   4.6626257045695576      ,   0.78577587602914589      , 0,         1073
   4.7188740059472440      ,   0.78576370186357203      , 0,         1074
   4.7751109564119059      ,   0.78575480872901515      , 0,         1075
   4.8313394348519028      ,   0.78574874468554534      , 0,         1076
   4.8875620970322071      ,   0.78574520853656316      , 0,         1077
   4.9437814617973181      ,   0.78574403897353040      , 0,         1078
   5.0000000000000000      ,   0.78574520853656316      , 0,         1079
   0.0000000000000000      ,   0.85714801592386436      , 0,         1080
   5.6184639803158888E-002 ,   0.85714784478431982      , 0,         1081
  0.11237032234574167      ,   0.85714836140201289      , 0,         1082
  0.16855782291585811      ,   0.85714964769895874      , 0,         1083
  0.22474811009766132      ,   0.85715186146748634      , 0,         1084
  0.28094241745993564      ,   0.85715524622225392      , 0,         1085
  0.33714232450944664      ,   0.85716014506626104      , 0,         1086
  0.39334984711483534      ,   0.85716701850357213      , 0,         1087
  0.44956753662404214      ,   0.85717646611138154      , 0,         1088
  0.50579858561945179      ,   0.85718925194638473      , 0,         1089
  0.56204693665686856      ,   0.85720633350967523      , 0,         1090
  0.61831738840985118      ,   0.85722889403483926      , 0,         1091
  0.67461569140547917      ,   0.85725837779739689      , 0,         1092
  0.73094862303599328      ,   0.85729652806621492      , 0,         1093
  0.78732402884213804      ,   0.85734542721526330      , 0,         1094
  0.84375081430657606      ,   0.85740753835855421      , 0,         1095
  0.90023886873203052      ,   0.85748574761375818      , 0,         1096
  0.95679890042498750      ,   0.85758340566691449      , 0,         1097
   1.0134421606498500      ,   0.85770436659894012      , 0,         1098
   1.0701800330534073      ,   0.85785302081235548      , 0,         1099
   1.1270234660374725      ,   0.85803431721105250      , 0,         1100
   1.1839822286666253      ,   0.85825376738665970      , 0,         1101
   1.2410639772538414      ,   0.85851742135285070      , 0,         1102
   1.2982731312916052      ,   0.85883180038389084      , 0,         1103
   1.3556095758208258      ,   0.85920376807693388      , 0,         1104
   1.4130672348020779      ,   0.85964031667111362      , 0,         1105
   1.4706325983632060      ,   0.86014824343584750      , 0,         1106
   1.5282833361818857      ,   0.86073369398944333      , 0,         1107
   1.5859871864067778      ,   0.86140155893650483      , 0,         1108
   1.6437013648878771      ,   0.86215473057364000      , 0,         1109
   1.7013727748966230      ,   0.86299325951307093      , 0,         1110
   1.7589392862279165      ,   0.86391349475763224      , 0,         1111
   1.8163322653552396      ,   0.86490733594606506      , 0,         1112
   1.8734803584184383      ,   0.86596175619176063      , 0,         1113
   1.9303142736993733      ,   0.86705874736192656      , 0,         1114
   1.9867720468444596      ,   0.86817578302142462      , 0,         1115
   2.0428041031127631      ,   0.86928679438685241      , 0,         1116
   2.0983774390676433      ,   0.87036354341077293      , 0,         1117
   2.1534784302665875      ,   0.87137719696970106      , 0,         1118
   2.2081140513599595      ,   0.87229988543779613      , 0,         1119
   2.2623115673518157      ,   0.87310606735518814      , 0,         1120
   2.3161169460103723      ,   0.87377359558194867      , 0,         1121
   2.3695923271624015      ,   0.87428445866942972      , 0,         1122
   2.4228128801884172      ,   0.87462523139823656      , 0,         1123
   2.4758633206140517      ,   0.87478730093132584      , 0,         1124
   2.5288342754265494      ,   0.87476694105549702      , 0,         1125
   2.5818186114430448      ,   0.87456529335587652      , 0,         1126
   2.6349077881753704      ,   0.87418828886207434      , 0,         1127
   2.6881882740931689      ,   0.87364651367377910      , 0,         1128
   2.7417380748592510      ,   0.87295499303572222      , 0,         1129
   2.7956234611738027      ,   0.87213284558864579      , 0,         1130
   2.8498960444150629      ,   0.87120274877846982      , 0,         1131
   2.9045904157151239      ,   0.87019016365828816      , 0,         1132
   2.9597226158856373      ,   0.86912229711907585      , 0,         1133
   3.0152897106868699      ,   0.86802683160217387      , 0,         1134
   3.0712706800532854      ,   0.86693051748608574      , 0,         1135
   3.1276286774780941      ,   0.86585778240618672      , 0,         1136
   3.1843144946404709      ,   0.86482954021496483      , 0,         1137
   3.2412708342228882      ,   0.86386236186060583      , 0,         1138
   3.2984368341983816      ,   0.86296810203011587      , 0,         1139
   3.3557522677366030      ,   0.86215398240769137      , 0,         1140
   3.4131609703291019      ,   0.86142304892033461      , 0,         1141
   3.4706132566231176      ,   0.86077487199703073      , 0,         1142
   3.5280673008855064      ,   0.86020635161184855      , 0,         1143
   3.5854896099584006      ,   0.85971251230039070      , 0,         1144
   3.6428547981516521      ,   0.85928721091142157      , 0,         1145
   3.7001448905282510      ,   0.85892371751731122      , 0,         1146
   3.7573483570610908      ,   0.85861515961281254      , 0,         1147
   3.8144590371083185      ,   0.85835483904153842      , 0,         1148
   3.8714750672455827      ,   0.85813644108257370      , 0,         1149
   3.9283978844599412      ,   0.85795415833711319      , 0,         1150
   3.9852313445139100      ,   0.85780275110004778      , 0,         1151
   4.0419809721767379      ,   0.85767756286616603      , 0,         1152
   4.0986533446946298      ,   0.85757450590015338      , 0,         1153
   4.1552556005514676      ,   0.85749002819718712      , 0,         1154
   4.2117950605519647      ,   0.85742107005783907      , 0,         1155
   4.2682789461392572      ,   0.85736501601634607      , 0,         1156
   4.3247141795851460      ,   0.85731964597227894      , 0,         1157
   4.3811072515183671      ,   0.85728308799612474      , 0,         1158
   4.4374641426808017      ,   0.85725377430552074      , 0,         1159
   4.4937902884963368      ,   0.85723040124267569      , 0,         1160
   4.5500905767967348      ,   0.85721189364214034      , 0,         1161
   4.6063693707495412      ,   0.85719737369635574      , 0,         1162
   4.6626305506027670      ,   0.85718613425529766      , 0,         1163
   4.7188775692608944      ,   0.85717761640049461      , 0,         1164
   4.7751135179172666      ,   0.85717139108763840      , 0,         1165
   4.8313411989814448      ,   0.85716714463854260      , 0,         1166
   4.8875632043551693      ,   0.85716466787074452      , 0,         1167
   4.9437819977293227      ,   0.85716384867383100      , 0,         1168
   5.0000000000000000      ,   0.85716466787074452      , 0,         1169
   0.0000000000000000      ,   0.92857415719656500      , 0,         1170
   5.6184587740525163E-002 ,   0.92857406744449866      , 0,         1171
  0.11237020750482006      ,   0.92857433759599628      , 0,         1172
  0.16855762537398769      ,   0.92857500991379271      , 0,         1173
  0.22474779837383729      ,   0.92857616579750668      , 0,         1174
  0.28094194506783671      ,   0.92857793077069395      , 0,         1175
  0.33714162520122243      ,   0.92858048149798766      , 0,         1176
  0.39334882854411185      ,   0.92858405479141515      , 0,         1177
  0.44956607209884658      ,   0.92858895855331891      , 0,         1178
  0.50579650356075301      ,   0.92859558458240954      , 0,         1179
  0.56204400733026671      ,   0.92860442314134806      , 0,         1180
  0.61831330746261759      ,   0.92861607915058020      , 0,         1181
  0.67461005972698329      ,   0.92863128983427579      , 0,         1182
  0.73094092247803300      ,   0.92865094359746203      , 0,         1183
  0.78731359340266616      ,   0.92867609985112531      , 0,         1184
  0.84373679651801980      ,   0.92870800940919551      , 0,         1185
  0.90022020123545687      ,   0.92874813493318809      , 0,         1186
  0.95677425309878361      ,   0.92879817066019277      , 0,         1187
   1.0134098942595131      ,   0.92886006026811341      , 0,         1188
   1.0701381512828136      ,   0.92893601114691449      , 0,         1189
   1.1269695690598869      ,   0.92902850248823154      , 0,         1190
   1.1839134732385126      ,   0.92914028341761268      , 0,         1191
   1.2409770507771385      ,   0.92927435584738804      , 0,         1192
   1.2981642504305235      ,   0.92943393487626980      , 0,         1193
   1.3554745239385968      ,   0.92962237760426214      , 0,         1194
   1.4129014562120465      ,   0.92984306960542873      , 0,         1195
   1.4704313701012095      ,   0.93009925777339852      , 0,         1196
   1.5280420378428661      ,   0.93039381996724457      , 0,         1197
   1.5857016828576831      ,   0.93072896725807608      , 0,         1198
   1.6433685023111628      ,   0.93110588492925339      , 0,         1199
   1.7009909655627315      ,   0.93152433416092961      , 0,         1200
   1.7585091230038659      ,   0.93198225598156559      , 0,         1201
   1.8158570708941431      ,   0.93247543802130350      , 0,         1202
   1.8729665512469200      ,   0.93299731528676699      , 0,         1203
   1.9297714420159977      ,   0.93353897024773302      , 0,         1204
   1.9862126701517155      ,   0.93408937044984808      , 0,         1205
   2.0422429396858521      ,   0.93463583775051617      , 0,         1206
   2.0978306711814785      ,   0.93516469567085214      , 0,         1207
   2.1529626992944726      ,   0.93566200734658633      , 0,         1208
   2.2076455124516201      ,   0.93611430754418312      , 0,         1209
   2.2619050596855206      ,   0.93650924831043858      , 0,         1210
   2.3157853291097732      ,   0.93683610954683760      , 0,         1211
   2.3693459930442247      ,   0.93708616037075210      , 0,         1212
   2.4226594239223758      ,   0.93725288448827093      , 0,         1213
   2.4758073397925502      ,   0.93733209824449937      , 0,         1214
   2.5288772693738344      ,   0.93732199357325885      , 0,         1215
   2.5819589596146231      ,   0.93722313247569178      , 0,         1216
   2.6351408001668202      ,   0.93703840844244402      , 0,         1217
   2.6885063176998267      ,   0.93677297666445047      , 0,         1218
   2.7421308008008940      ,   0.93643414175472528      , 0,         1219
   2.7960781504246324      ,   0.93603118162352650      , 0,         1220
   2.8503981032203161      ,   0.93557508177187165      , 0,         1221
   2.9051240310639921      ,   0.93507815818761231      , 0,         1222
   2.9602715586455455      ,   0.93455356096406184      , 0,         1223
   3.0158382367725634      ,   0.93401467412231753      , 0,         1224
   3.0718044400062783      ,   0.93347445555313646      , 0,         1225
   3.1281355161716116      ,   0.93294478615777121      , 0,         1226
   3.1847850221525209      ,   0.93243590905896601      , 0,         1227
   3.2416986856303098      ,   0.93195603099922597      , 0,         1228
   3.2988186022890162      ,   0.93151112925402524      , 0,         1229
   3.3560871626469004      ,   0.93110496781987562      , 0,         1230
   3.4134503054057070      ,   0.93073928988031263      , 0,         1231
   3.4708598690584842      ,   0.93041413046647825      , 0,         1232
   3.5282749963470867      ,   0.93012818737760050      , 0,         1233
   3.5856626880798248      ,   0.92987919654164053      , 0,         1234
   3.6429976839460472      ,   0.92966427355649428      , 0,         1235
   3.7002618728978720      ,   0.92948019995990949      , 0,         1236
   3.7574434213539512      ,   0.92932364683858915      , 0,         1237
   3.8145357725665248      ,   0.92919133811223797      , 0,         1238
   3.8715366295399298      ,   0.92908016132488302      , 0,         1239
   3.9284469958277515      ,   0.92898723598752153      , 0,         1240
   3.9852703175112030      ,   0.92890994957590189      , 0,         1241
   4.0420117466340582      ,   0.92884597016889336      , 0,         1242
   4.0986775305894243      ,   0.92879324311233424      , 0,         1243
   4.1552745219922533      ,   0.92874997743941445      , 0,         1244
   4.2118097979168247      ,   0.92871462629583734      , 0,         1245
   4.2682903747159431      ,   0.92868586439534162      , 0,         1246
   4.3247230039393640      ,   0.92866256457917595      , 0,         1247
   4.3811140353811657      ,   0.92864377484329108      , 0,         1248
   4.4374693344874343      ,   0.92862869668625236      , 0,         1249
   4.4937942428982174      ,   0.92861666527473308      , 0,         1250
   4.5500935725571559      ,   0.92860713168279574      , 0,         1251
   4.6063716254591238      ,   0.92859964730397593      , 0,         1252
   4.6626322326370824      ,   0.92859385043689568      , 0,         1253
   4.7188788073670649      ,   0.92858945498746892      , 0,         1254
   4.7751144087690198      ,   0.92858624120059086      , 0,         1255
   4.8313418129899395      ,   0.92858404832232777      , 0,         1256
   4.8875635899697798      ,   0.92858276909372472      , 0,         1257
   4.9437821844108338      ,   0.92858234598522338      , 0,         1258
   5.0000000000000000      ,   0.92858276909372472      , 0,         1259
   0.0000000000000000      ,    1.0000000000000000      , 0,         1260
   5.6184639803158888E-002 ,    1.0000000000000000      , 0,         1261
  0.11237032234574167      ,    1.0000000000000000      , 0,         1262
  0.16855782291585811      ,    1.0000000000000000      , 0,         1263
  0.22474811009766132      ,    1.0000000000000000      , 0,         1264
  0.28094241745993564      ,    1.0000000000000000      , 0,         1265
  0.33714232450944664      ,    1.0000000000000000      , 0,         1266
  0.39334984711483534      ,    1.0000000000000000      , 0,         1267
  0.44956753662404214      ,    1.0000000000000000      , 0,         1268
  0.50579858561945179      ,    1.0000000000000000      , 0,         1269
  0.56204693665686856      ,    1.0000000000000000      , 0,         1270
  0.61831738840985118      ,    1.0000000000000000      , 0,         1271
  0.67461569140547917      ,    1.0000000000000000      , 0,         1272
  0.73094862303599328      ,    1.0000000000000000      , 0,         1273
  0.78732402884213804      ,    1.0000000000000000      , 0,         1274
  0.84375081430657606      ,    1.0000000000000000      , 0,         1275
  0.90023886873203052      ,    1.0000000000000000      , 0,         1276
  0.95679890042498750      ,    1.0000000000000000      , 0,         1277
   1.0134421606498500      ,    1.0000000000000000      , 0,         1278
   1.0701800330534073      ,    1.0000000000000000      , 0,         1279
   1.1270234660374725      ,    1.0000000000000000      , 0,         1280
   1.1839822286666253      ,    1.0000000000000000      , 0,         1281
   1.2410639772538414      ,    1.0000000000000000      , 0,         1282
   1.2982731312916052      ,    1.0000000000000000      , 0,         1283
   1.3556095758208258      ,    1.0000000000000000      , 0,         1284
   1.4130672348020779      ,    1.0000000000000000      , 0,         1285
   1.4706325983632060      ,    1.0000000000000000      , 0,         1286
   1.5282833361818857      ,    1.0000000000000000      , 0,         1287
   1.5859871864067778      ,    1.0000000000000000      , 0,         1288
   1.6437013648878771      ,    1.0000000000000000      , 0,         1289
   1.7013727748966230      ,    1.0000000000000000      , 0,         1290
   1.7589392862279165      ,    1.0000000000000000      , 0,         1291
   1.8163322653552396      ,    1.0000000000000000      , 0,         1292
   1.8734803584184383      ,    1.0000000000000000      , 0,         1293
   1.9303142736993733      ,    1.0000000000000000      , 0,         1294
   1.9867720468444596      ,    1.0000000000000000      , 0,         1295
   2.0428041031127631      ,    1.0000000000000000      , 0,         1296
   2.0983774390676433      ,    1.0000000000000000      , 0,         1297
   2.1534784302665875      ,    1.0000000000000000      , 0,         1298
   2.2081140513599595      ,    1.0000000000000000      , 0,         1299
   2.2623115673518157      ,    1.0000000000000000      , 0,         1300
   2.3161169460103723      ,    1.0000000000000000      , 0,         1301
   2.3695923271624015      ,    1.0000000000000000      , 0,         1302
   2.4228128801884172      ,    1.0000000000000000      , 0,         1303
   2.4758633206140517      ,    1.0000000000000000      , 0,         1304
   2.5288342754265494      ,    1.0000000000000000      , 0,         1305
   2.5818186114430448      ,    1.0000000000000000      , 0,         1306
   2.6349077881753704      ,    1.0000000000000000      , 0,         1307
   2.6881882740931689      ,    1.0000000000000000      , 0,         1308
   2.7417380748592510      ,    1.0000000000000000      , 0,         1309
   2.7956234611738027      ,    1.0000000000000000      , 0,         1310
   2.8498960444150629      ,    1.0000000000000000      , 0,         1311
   2.9045904157151239      ,    1.0000000000000000      , 0,         1312
   2.9597226158856373      ,    1.0000000000000000      , 0,         1313
   3.0152897106868699      ,    1.0000000000000000      , 0,         1314
   3.0712706800532854      ,    1.0000000000000000      , 0,         1315
   3.1276286774780941      ,    1.0000000000000000      , 0,         1316
   3.1843144946404709      ,    1.0000000000000000      , 0,         1317
   3.2412708342228882      ,    1.0000000000000000      , 0,         1318
   3.2984368341983816      ,    1.0000000000000000      , 0,         1319
   3.3557522677366030      ,    1.0000000000000000      , 0,         1320
   3.4131609703291019      ,    1.0000000000000000      , 0,         1321
   3.4706132566231176      ,    1.0000000000000000      , 0,         1322
   3.5280673008855064      ,    1.0000000000000000      , 0,         1323
   3.5854896099584006      ,    1.0000000000000000      , 0,         1324
   3.6428547981516521      ,    1.0000000000000000      , 0,         1325
   3.7001448905282510      ,    1.0000000000000000      , 0,         1326
   3.7573483570610908      ,    1.0000000000000000      , 0,         1327
   3.8144590371083185      ,    1.0000000000000000      , 0,         1328
   3.8714750672455827      ,    1.0000000000000000      , 0,         1329
   3.9283978844599412      ,    1.0000000000000000      , 0,         1330
   3.9852313445139100      ,    1.0000000000000000      , 0,         1331
   4.0419809721767379      ,    1.0000000000000000      , 0,         1332
   4.0986533446946298      ,    1.0000000000000000      , 0,         1333
   4.1552556005514676      ,    1.0000000000000000      , 0,         1334
   4.2117950605519647      ,    1.0000000000000000      , 0,         1335
   4.2682789461392572      ,    1.0000000000000000      , 0,         1336
   4.3247141795851460      ,    1.0000000000000000      , 0,         1337
   4.3811072515183671      ,    1.0000000000000000      , 0,         1338
   4.4374641426808017      ,    1.0000000000000000      , 0,         1339
   4.4937902884963368      ,    1.0000000000000000      , 0,         1340
   4.5500905767967348      ,    1.0000000000000000      , 0,         1341
   4.6063693707495412      ,    1.0000000000000000      , 0,         1342
   4.6626305506027670      ,    1.0000000000000000      , 0,         1343
   4.7188775692608944      ,    1.0000000000000000      , 0,         1344
   4.7751135179172666      ,    1.0000000000000000      , 0,         1345
   4.8313411989814448      ,    1.0000000000000000      , 0,         1346
   4.8875632043551693      ,    1.0000000000000000      , 0,         1347
   4.9437819977293227      ,    1.0000000000000000      , 0,         1348
   5.0000000000000000      ,    1.0000000000000000      , 0,         1349
